theme,record_type,video_id,title,creator,channel_id,url,views,thumbnail_description,video_description,comment_summary_description,fused_score,matched_signals,relevance,video_count,videos
gambling,video,EfS1nhIWWbw,ROBLOX IS SCREWED,Flamingo,UCm-X6o81nRsXQTmqpyArkBQ,https://www.youtube.com/watch?v=EfS1nhIWWbw,1849514,"The thumbnail consists of a layout with a young person with short brown hair wearing a pink shirt. On the left side, there is a prominent Roblox logo followed by the text '@Roblox' with a yellow verification checkmark. Below this, bold black text reads: 'WE NOW ALLOW - DATING - ALCOHOL - GAMBLING'. The background is mostly white, making the black text and logo stand out. The composition places significant visual emphasis on the list of newly 'allowed' behaviors, suggesting shock or controversy. The thumbnail likely intends to evoke surprise, concern, or curiosity regarding changes in content moderation or policy within the Roblox platform.",NEW MERCH GOES AWAY FOREVER AFTER VALENTINE'S DAY https://flimflam.shop/ Today I talk about the new Roblox update ...,"The comments overwhelmingly discuss Roblox's policy changes regarding gambling, profanity, alcohol, and romantic themes, with debate around whether these changes are appropriate given the platform's large child user base. Many express concerns about child safety, age verification effectiveness, and the potential for increased predatory behavior, while others welcome increased content variety and freedom for older players as the community matures. Sentiment is highly mixed: some see this as Roblox's decline or a loss of its original identity, while others believe it is a necessary evolution to match an older userbase. The audience also frequently references creator Flamingo/Albert, and there is significant nostalgia for 'old Roblox,' alongside jokes and memes about the ongoing changes.",0.01639,"[""topic""]",,,
gambling,video,gimPpwZ_nz4,A  Fish That Loves Air,Daily Dose Of Internet,UCdC0An4ZPNr_YiFiYoVbwaw,https://www.youtube.com/watch?v=gimPpwZ_nz4,3964171,"The thumbnail is divided into two panels. Both panels show an adult person in casual clothing (shorts and a purple shirt) standing next to a large aquarium. The person is interacting with the fish tank, holding an orange fish above the water. The aquarium contains additional fish, including several dark-colored ones, with a yellowish substrate and slightly cloudy water. The setting appears to be indoors, against a white brick wall. The person’s posture and hand movement indicate an active engagement with the fish, possibly removing or presenting the fish. The dominant colors are blue, green, orange, and white. The composition draws attention to the interaction between the person and the fish. The scene may evoke curiosity or concern about animal handling and welfare.","Hello everyone, this is YOUR Daily Dose of Internet. In this video, I found a fish that loves air. Links To Sources: Iron Man: ...","Comments are dominated by debate over flight attendants being fired for filming a video during takeoff, with viewers divided over safety versus fun at work. Other frequent discussions include admiration for the YouTuber building a real Iron Man suit, concern about the dangers of a malfunctioning microwave, and praise for an engineering student's strong popsicle stick bridge. Wholesome moments with animals and a baby seeing a Christmas tree also attract attention, while humorous and cultural notes are struck with Ireland's 'Santa' announcement and creative trick clips. Overall sentiment is mixed, ranging from outrage and concern to delight and admiration.",0.01613,"[""topic""]",,,
gambling,video,jJ2aTuCudkg,€3000 CASINO LIVESTREAM!😈 18+,JordyStorm,UCxmFU73cNUBMdmAcFtusHMg,https://www.youtube.com/watch?v=jJ2aTuCudkg,141025,"The image features two people, presenting as young adults, positioned on either side of a brightly colored wheel, reminiscent of a game or gambling device, with vibrant numbers and a 'D' visible. Both individuals are partially in the frame, focusing visual attention on the central object. The background includes playful, fantasy-style graphics with swirling shapes and pastel colors, indicating a lively, game-like setting. Large, bold red and white text '€3000' is prominently overlaid in the bottom center, drawing attention and suggesting a high-stakes or exciting theme. The overall composition is energetic, visually stimulating, and likely aims to evoke excitement, curiosity, and anticipation.",Doneren: https://www.tipeeestream.com/jordystormyt/donation Sponsor/Lid worden link: ...,"The comments predominantly focus on the excitement and entertainment of the casino gambling livestream, with viewers praising the streamers and the high-energy atmosphere. Many highlight impressive wins, close calls, and memorable moments from the stream, often mentioning Jordy, Djani, and Leftlane by name. There are several requests for more streams, expressions of enjoyment, and shoutouts, as well as occasional reminders about responsible gambling. Overall sentiment is highly enthusiastic and positive, with viewers expressing appreciation and anticipation for future content.",0.01587,"[""topic""]",,,
gambling,video,p3CwarIOCzk,Who Will Go To The UCL Semi-Final?,Fiago,UCxFXLJd86JC7KstPffy9BCQ,https://www.youtube.com/watch?v=p3CwarIOCzk,521345,"The image shows a young adult with short light brown hair, wearing a dark shirt. The subject is seated indoors against a plain, dimly lit background. Their hands are raised with open palms, possibly emphasizing a point or gesture. Two football club logos, FC Bayern Munich and Manchester City, are prominently displayed on the subject's shirt, digitally placed in post-editing. The text 'Bayern will still' is superimposed across the image, suggesting a discussion related to the two football teams. The color palette includes neutral tones with strong accents of red and blue from the logos. The overall emotional tone appears neutral to mildly enthusiastic, as inferred from the gesture and sport-related context.",,"The comments are mainly focused on analyzing and reacting to the YouTuber's football match predictions, with many viewers pointing out which outcomes were predicted correctly or incorrectly and noting especially shocking or accurate forecasts. Discussions about individual club performances, biases (especially toward or against certain teams like Man City, Bayern, and Roma), and fan pride are also prevalent. Sentiment is mixed, ranging from praise for good predictions to playful criticism and expressions of disbelief over bold or incorrect guesses. Betting and gambling warnings appear occasionally, while talk about the Europa and Conference League and the influence of key players or managers round out the conversation.",0.01562,"[""topic""]",,,
gambling,video,9yLprg-qSHE,"Carlos Bepaalt Mijn Dag Met €1000,-",Slotta,UCj1gY6Dm8VpEz9NKCCecF9Q,https://www.youtube.com/watch?v=9yLprg-qSHE,156958,"The image shows a crowded indoor environment with a visible structural background, possibly a stadium or arena. A person is positioned in the foreground, with another partially visible on the right. The person in the foreground is making an 'OK' hand gesture. Both individuals are wearing black and yellow clothing, which may indicate team colors or supporter scarves. The lighting suggests an energetic, lively atmosphere typical of sporting or large public events. The main colors are black, yellow, and muted tones from the background structure. The setting conveys excitement and engagement.","Voor de mensen die niet begrijpen dat het stukje in de auto satiren is, hierbij het zelf geschreven stuk over de prachtige wezens ...","The comments are overwhelmingly positive and focus on Frank, the host, and his humorous, entertaining style, with much discussion centered around football clubs, match experiences, and specific personalities such as Carlos. Viewers frequently mention gambling, share their appreciation for technical features like subtitles, and make energetic requests for more content and specific topics. There is strong fan engagement, some light debate about certain jokes or segments, and a recurring theme celebrating the unique and candid nature of the creator's content. Overall sentiment is enthusiastic, supportive, and playful.",0.01538,"[""topic""]",,,
gambling,video,NFUz4qJTei4,"$250 VS $25,000 Dream Vacation! (BUDGET CHALLENGE)",FaZe Rug,UCilwZiBBfI9X6yiZRzWty8Q,https://www.youtube.com/watch?v=NFUz4qJTei4,5956816,"The image is visually divided into two contrasting halves. On the left, there is an old, weathered motel sign with the word 'MOTEL' and 'POOL' against a blue sky. Below the sign is a basic motel building, and a greenish pool is visible. There are dark stains resembling dirt or blood on the person's white shirt. On the right, the background displays a luxurious resort complex with elaborate waterslides, palm trees, and yachts docked by a beach. The colors are vibrant and saturated, particularly on the right side, creating a stark visual contrast. The central figure is a young adult with light hair, wearing a white shirt. The overall composition suggests a comparison between low-budget and luxury experiences, possibly evoking curiosity or intrigue.",I challenged my best friend Noah to a cheap vs expensive vacation challenge in Las Vegas! It was so much fun SUBSCRIBE ...,"The comments overwhelmingly discuss and compare Faze Rug and Noah's experiences in Las Vegas, focusing on the contrast between expensive and budget hotels. Many viewers express that Noah seemed to have more fun despite a much lower budget, highlighting that enjoyment doesn't depend on money. Fans share personal stories about their own Vegas trips, shower the creators with praise, and suggest new challenge ideas. The overall sentiment is highly positive and enthusiastic, with recurring jokes about memorable quotes and playful references to broader YouTube trends.",0.01515,"[""topic""]",,,
gambling,video,im_s0dAtOOU,Roblox BACK THEN to NOW is HORRIBLE,Flamingo,UCm-X6o81nRsXQTmqpyArkBQ,https://www.youtube.com/watch?v=im_s0dAtOOU,4649574,"The thumbnail is divided into two halves, comparing 'ROBLOX 2006' on the left with 'ROBLOX 2023' on the right. The left side features two blocky, cartoon-style characters with neutral facial expressions, one wearing blue and one wearing yellow, standing outside on grass next to a large rock. The background is simple and colorful. The right side shows a more detailed, cartoon-style character with a surprised or shocked facial expression, surrounded by cartoon animals against a background of in-game purchase prompts. Below the images are captions: the left reads 'look at a rock' with game play statistics in blue and red text, while the right reads '[GAMBLING] PET SIM X!' with thumbs-up and view icons. The colors are vibrant and the composition contrasts simplicity and complexity, possibly evoking nostalgia, surprise, or concern about changes.",original vid: https://www.youtube.com/watch?v=r2-ISGgs1yk Today I play every top Roblox game throughout EVERY year of ...,"The comments are heavily centered around nostalgia for the 'old Roblox,' with users reminiscing about past games, features, and particularly the more friendly, less toxic community. Many echo the quoted sentiment that people don't truly miss the old Roblox itself, but rather the happiness, simplicity, and positive memories associated with it. There are also notable discussions about controversial elements in modern Roblox, such as in-game gambling mechanics, a decline in unique games, and increased platform corporatization. The overall sentiment is bittersweet, with a mix of fond remembrance, humorous references, and lament over perceived negative changes to both the community and platform.",0.01493,"[""topic""]",,,
gambling,video,U-8EYmXOInY,De Sterkste Piraat In Contentveen (Minecraft Survival),Walnut,UCk0ZtztoY8TwR4jb83vnyvw,https://www.youtube.com/watch?v=U-8EYmXOInY,51184,"The thumbnail features a stylized, blocky character reminiscent of Minecraft graphics, depicted as a pirate with a brown hat, red jacket, and blue pants. The character appears to be in a youthful age group and has an expressive, open-mouthed facial expression suggesting excitement or intensity. The character is holding two pistols with sparks at the ends, indicating action or firing. The background shows tropical elements such as palm trees, a mountainous landscape, and a blue sky with clouds. There are piles of gold coins and colorful jewels at the character's feet, evoking a treasure or adventure theme. A pirate sail with a skull symbol can be seen to the left. The overall color palette is bright and vivid, emphasizing action and high energy.",De Sterkste Piraat In Contentveen (Minecraft Survival) ✔️ Abonneer voor goeie content: https://bit.ly/WalnutHenkie Vind mij ook ...,"The comments are lively and positive, with viewers frequently expressing appreciation for Max's videos and requesting more content, especially roleplay episodes and the return of favorite characters like Fred and Penelope. Many engage directly with the ongoing Minecraft storyline, speculating about the disappearance of Harry and the actions of characters like Meneer KB. Fans offer numerous building ideas and technical Minecraft tips, often encouraging Max to try new things in the game. Overall, sentiment is very supportive and enthusiastic, reflecting a highly engaged and creative community.",0.01471,"[""topic""]",,,
gambling,video,DGWWRFTfMMA,FORTNITE ARENA onderweg naar 30.000 PUNTEN!,JordyStorm,UCxmFU73cNUBMdmAcFtusHMg,https://www.youtube.com/watch?v=DGWWRFTfMMA,19471,"The thumbnail features a young person with light skin and brown hair wearing a dark shirt and silver chain, positioned to the left side. The background is a colorful animated landscape with blue skies, green grass, tropical trees, and a body of water, evoking a video game environment. To the right, a bold graphic panel includes a large gold crown with a gem, the text 'CHAMPION LEAGUE', 'DIVISION 10', and '30.000' in bright yellow, along with a blue flame icon. The composition and vivid colors emphasize achievement and competition, likely related to video gaming. The overall design suggests excitement and accomplishment.","Welkom bij een NIEUWE LIVESTREAM! ▭ ❗️ Doneren onder de 18 , toestemming vragen aan je ouders! Doneren: ...","The comments are largely positive and directed toward the creator, Yordy, expressing admiration and personal connections. Viewers frequently mention Fortnite and challenge the creator to in-game matches, while also asking for videos made for children due to viewing restrictions. Requests for new content, such as casino-related videos, are also present. Overall, the sentiment is supportive and interactive with an emphasis on personal engagement and content requests.",0.01449,"[""topic""]",,,
gambling,video,VTLeZBRrNek,Kan Je Van €300 Naar €1000 gaan met MONOPOLY? **BIZAR DIT!!**,JordyStorm,UCxmFU73cNUBMdmAcFtusHMg,https://www.youtube.com/watch?v=VTLeZBRrNek,72670,"The image is a colorful thumbnail featuring two adults, one presenting as male (left, wearing a blue shirt and chain) and one presenting as female (right, wearing a red dress). Between them is a large, prominently-displayed spinning wheel with numbers and Monopoly-themed icons, reminiscent of a game show set. The central part of the wheel has a Monopoly top hat with dice. Overlaid text in bold red and white reads 'MONOPOLY LIVE' and '€1000', suggesting a substantial prize or cash element. The setting hints at a studio or virtual casino environment, with bright, engaging colors and dynamic composition meant to attract attention and inspire excitement or curiosity. The symbols and visuals together evoke themes of gaming, competition, luck, and high stakes.",In deze video gaan we gokken in online casino in MONOPOLY.. gaan we winnen of verliezen? Websites ⤵ Merchandise: ...,"The comments are highly engaged and positive, focusing mainly on gambling and casino games, with many viewers expressing enthusiasm for the content and streamer Jordy. There is frequent praise for the fun videos and streams, with viewers requesting more similar content and sharing inside jokes. Several comments appreciate responsible gambling reminders, while others discuss technical aspects like reposts and upload timings. Overall sentiment is upbeat, with a strong community vibe and recurring calls to continue producing such entertaining videos.",0.01429,"[""topic""]",,,
gambling,creator,,,JordyStorm,UCxmFU73cNUBMdmAcFtusHMg,,,,,,,,0.044649999999999995,3,"[{""video_id"": ""jJ2aTuCudkg"", ""title"": ""€3000 CASINO LIVESTREAM!😈 18+"", ""url"": ""https://www.youtube.com/watch?v=jJ2aTuCudkg""}, {""video_id"": ""DGWWRFTfMMA"", ""title"": ""FORTNITE ARENA onderweg naar 30.000 PUNTEN!"", ""url"": ""https://www.youtube.com/watch?v=DGWWRFTfMMA""}, {""video_id"": ""VTLeZBRrNek"", ""title"": ""Kan Je Van €300 Naar €1000 gaan met MONOPOLY? **BIZAR DIT!!**"", ""url"": ""https://www.youtube.com/watch?v=VTLeZBRrNek""}]"
gambling,creator,,,Flamingo,UCm-X6o81nRsXQTmqpyArkBQ,,,,,,,,0.03132,2,"[{""video_id"": ""EfS1nhIWWbw"", ""title"": ""ROBLOX IS SCREWED"", ""url"": ""https://www.youtube.com/watch?v=EfS1nhIWWbw""}, {""video_id"": ""im_s0dAtOOU"", ""title"": ""Roblox BACK THEN to NOW is HORRIBLE"", ""url"": ""https://www.youtube.com/watch?v=im_s0dAtOOU""}]"
gambling,creator,,,Daily Dose Of Internet,UCdC0An4ZPNr_YiFiYoVbwaw,,,,,,,,0.01613,1,"[{""video_id"": ""gimPpwZ_nz4"", ""title"": ""A  Fish That Loves Air"", ""url"": ""https://www.youtube.com/watch?v=gimPpwZ_nz4""}]"
gambling,creator,,,Fiago,UCxFXLJd86JC7KstPffy9BCQ,,,,,,,,0.01562,1,"[{""video_id"": ""p3CwarIOCzk"", ""title"": ""Who Will Go To The UCL Semi-Final?"", ""url"": ""https://www.youtube.com/watch?v=p3CwarIOCzk""}]"
gambling,creator,,,Slotta,UCj1gY6Dm8VpEz9NKCCecF9Q,,,,,,,,0.01538,1,"[{""video_id"": ""9yLprg-qSHE"", ""title"": ""Carlos Bepaalt Mijn Dag Met €1000,-"", ""url"": ""https://www.youtube.com/watch?v=9yLprg-qSHE""}]"
gambling,creator,,,FaZe Rug,UCilwZiBBfI9X6yiZRzWty8Q,,,,,,,,0.01515,1,"[{""video_id"": ""NFUz4qJTei4"", ""title"": ""$250 VS $25,000 Dream Vacation! (BUDGET CHALLENGE)"", ""url"": ""https://www.youtube.com/watch?v=NFUz4qJTei4""}]"
gambling,creator,,,Walnut,UCk0ZtztoY8TwR4jb83vnyvw,,,,,,,,0.01471,1,"[{""video_id"": ""U-8EYmXOInY"", ""title"": ""De Sterkste Piraat In Contentveen (Minecraft Survival)"", ""url"": ""https://www.youtube.com/watch?v=U-8EYmXOInY""}]"
mental health,video,7wItNd5r2T8,MOCROMANIAC over zijn band met ROTJOCH,101Barz,UC0fXtHnZH6Gtl5AEmEGyBTA,https://www.youtube.com/watch?v=7wItNd5r2T8,53044,"The image features a young adult presenting as male, seated and wearing a dark padded jacket and gold chain necklaces. The background consists of horizontal and vertical striped patterns, likely created by alternating dark and light panels. Overlaid on the lower part of the image is white subtitle text reading '...en bust on the snitches.' The scene appears to be taken indoors under low lighting, contributing to a moody or serious atmosphere. The composition draws attention to the figure's clothing and jewelry, with the stripes enhancing visual contrast. The overall mood may suggest themes of secrecy, tension, or confrontation.",shorts #101barz.,"The comments reflect a lively discussion centered on appreciation for the video's music and performance, with several viewers asking about the background song and praising the quality of the session. There is a positive and supportive tone, including expressions of pride and encouragement. Some comments highlight cultural references and personal connections, such as using music as relief or referencing community traditions. Overall, sentiment is upbeat, showing both engagement with the content and camaraderie among viewers.",0.01639,"[""topic""]",,,
mental health,video,KjO2BjnacWs,🆕 SEFFELINIE is BACK!,101Barz,UC0fXtHnZH6Gtl5AEmEGyBTA,https://www.youtube.com/watch?v=KjO2BjnacWs,49839,"The image shows a young person presenting as male, speaking into a microphone in what appears to be a recording studio or radio booth. He is wearing a white Manchester United football jersey with black and blue accents and the 'Tezos' logo on the front. The background includes a wall with a black and grey striped pattern and partial signage. There is white text overlaid that reads, 'Of in een dronken bui', which is Dutch and translates to 'Or in a drunken mood'. The overall tone suggests a conversational or interview setting, possibly regarding personal experiences or behavior. The lighting is subdued, with focus on the person and the microphone.",shorts #101barz.,"The comments discuss the artist's current comeback attempt, with a mix of encouragement and criticism about his music quality and personal struggles, particularly around mental health. Viewers express both support and concern, referencing past hardships and the need for more self-confidence. There is considerable debate about whether the artist's recent work meets expectations, and observations about his public image and delivery. Overall, the sentiment is mixed but leans towards supportive, with many fans hoping for his recovery and future success.",0.01613,"[""topic""]",,,
mental health,video,sOcH0GjO9o4,Billie performing “ilomilo” at Reading &amp; Leeds.,Billie Eilish,UCiGm_E4ZwYSHV3bcW1pnSeQ,https://www.youtube.com/watch?v=sOcH0GjO9o4,921771,"The image depicts a person who appears to be a young adult, dressed in a yellow and maroon sports jersey with the number '5' partially visible. The individual has medium-length dark hair and is holding a microphone close to their mouth, suggesting that they may be singing or speaking. They are also wearing a blue wristband and a watch. The lighting is predominantly blue, giving the scene a dramatic and dynamic atmosphere. The angle of the photo is unusual, as the subject appears sideways or upside-down relative to the frame. The background is a bright, light blue, possibly a stage or event setting. The visual emphasis is on the person and the microphone, conveying potential emotions such as intensity, focus, or performance excitement.",,"The comments overwhelmingly express admiration and love for Billie Eilish, highlighting her talent, inspirational impact, and emotional connection with fans. Many viewers reminisce about their favorite songs and performances, share experiences of attending concerts, and express their wishes to see her live or interact with her. There is also notable discussion about her influence on mental health and personal struggles, as well as references to other artists like XXXTentacion. The general sentiment is highly positive, with a vibrant, diverse, and supportive fan community from around the world.",0.01587,"[""topic""]",,,
mental health,video,LoIFpARxcAw,PRODUCTIVE 2:00am School night routine🎱+ Mental Health talk ⋆౨ৎ˚⟡˖ ࣪,daiz,UCezoc3VgoN8yPJENDFElzOw,https://www.youtube.com/watch?v=LoIFpARxcAw,385465,"The thumbnail is divided into three sections, each showing daily activities tied to a university student's after-school routine. On the left, a young person appears to be studying at a desk with open notebooks, a laptop displaying messaging or research content, and various study materials visible. In the center, a person with long dark hair, wearing black headphones and a striped sweatshirt, is seen holding the headphones, possibly listening to music or a call. To the right, there is an assortment of packaged snacks or breads laid out on a bed or soft surface, next to a person wearing a blue checkered shirt. The background suggests a domestic environment, possibly a bedroom or study space. The overall color palette is soft and neutral, and white handwritten-style text overlays the image: 'uni student's after school routine.' The mood conveys productivity, comfort, and casualness.",Business inquiries: daiz@algebramedia.com ✿ instagram: daisychoiii https://www.instagram.com/daisychoiii/​​ ✿ pinterest: ...,"Commenters overwhelmingly express gratitude for Daisy's vlogs, highlighting how her content boosts motivation, comfort, and productivity, especially during stressful times like university midterms. Mental health, personal struggles, and the importance of honesty and relatability are recurring topics, with many fans thanking Daisy for being transparent about her experiences. There is a strong sense of community, international fan support, and admiration for her cozy, aesthetic vlog style. Overall sentiment is highly positive and appreciative, with viewers also discussing their own study routines, recommendations, and excitement for upcoming content such as the Bali trip.",0.01562,"[""topic""]",,,
mental health,video,ODKuYXzkwL4,AGENT 8008: YOUTUBER RONALD VERDEELT INKOMSTEN MUZIEK NIET EERLIJK | BOOS S09E16,BOOS,UCc0kHafEIzm6PiqyrsC5lyg,https://www.youtube.com/watch?v=ODKuYXzkwL4,813186,"The thumbnail features two people, both appearing to be young adults, standing opposite each other. The person on the left is wearing a white shirt and a dark cap, and the person on the right is wearing a black shirt. Both individuals have their faces obscured. The background is a solid blue color, with various graphic design elements. At the top center, large text reads 'BOOS' with a pink, smiley-face character replacing the letters 'O'. Below, there is white text in Dutch: 'ZE LATEN ME ALLEMAAL VALLEN' (They all let me down). At the bottom, the text 'AGENT8008' is displayed, with '8008' highlighted in green. The overall atmosphere suggests tension or confrontation, with possible themes of disappointment or exclusion.","Twee bevriende YouTubers die samen een nummer opnemen, wat kan daar nou misgaan? Blijkbaar toch een heleboel. In 2018 ...","The comments are primarily focused on a financial dispute over unpaid earnings between YouTubers Ronald and Derk, with many viewers emphasizing the importance of proper contracts and transparency. The management team, especially Miranda, is heavily criticized for poor handling, while opinions on Ronald's responsibility and personal qualities are divided—some sympathize with his stress and mental health, others fault him for failing to act. A strong secondary theme is the difficulty of mixing friendship and business, and there are frequent calls for better business practices in creative industries. Overall sentiment tilts empathetic towards both main parties, though some frustration and cynicism are evident.",0.01538,"[""topic""]",,,
mental health,video,uJWdQzOccaU,Creating A New Meta  - LIVE,Ninja,UCAW-NpUFkMyCNrvRSSGIvDQ,https://www.youtube.com/watch?v=uJWdQzOccaU,157187,"The thumbnail features a person with short, light-colored hair wearing over-ear headphones. The background is a digitally created scene of an icy floating island hovering in a blue and purple cosmic environment, suggestive of a fantasy or gaming context. In the top left corner, there is a red rectangle with the white word 'LIVE,' indicating a live broadcast or stream. The composition places significant focus on both the person and the floating island. The color palette is predominantly icy blue and purple, creating a sense of immersion and excitement often associated with gaming or fantasy worlds. The scene conveys anticipation and engagement.",developing the new fortnite meta Join this channel to get access to perks: ...,"Commenters discuss mental health, relating to Ninja's emotional experiences during his stream, and share personal stories about overcoming struggles. The debate around adopting versus buying dogs also features, with viewers offering opinions and anecdotes. Fans express appreciation for Ninja, highlight memorable gaming moments, and provide suggestions for future streams and collaborations. The overall sentiment is positive and supportive, with the community engaging actively and encouraging both the streamer and each other.",0.01515,"[""topic""]",,,
mental health,video,1ftpRWfmL7I,"Sneaking Into A Graduation &amp; Giving Away $10,000!!",FaZe Rug,UCilwZiBBfI9X6yiZRzWty8Q,https://www.youtube.com/watch?v=1ftpRWfmL7I,3255517,"The thumbnail is split into two scenes. On the left, an individual wearing a black graduation cap and gown is holding a large stack of cash bundles. The background is red, possibly a curtain, emphasizing the subject. On the right, a young person in a blue graduation gown and cap stands at a podium on a stage, addressing a large audience of similarly dressed people, suggesting a graduation ceremony. The lighting is bright on the right, with a spotlight effect highlighting the speaker. The visual focus alternates between the celebration of academic achievement and the presence of significant amounts of money. The mood conveys excitement and achievement, possibly hinting at financial reward related to education.","I snuck into my old high schools graduation, and ended up surprising students with $10000! SUBSCRIBE if you want ...","The comments are overwhelmingly positive, focusing on themes of graduation, motivation, and inspiration sparked by FaZe Rug's speech and presence at a school's ceremony. Viewers express appreciation for his generous acts, such as giving scholarships and promoting positive messages, and request more personal, authentic vlogs like this one. Many share their own milestones, emotional reactions, and gratitude for Rug’s influence on their lives, highlighting a strong sense of community and admiration for his humility and kindness. There are also numerous requests for more behind-the-scenes, nostalgic, and motivational content, reflecting a collective desire for continued authenticity and support.",0.01493,"[""topic""]",,,
mental health,video,vOWdJsYI9So,DEZE GOZER IS TOTAAL DE WEG KWIJT 😂,Koen,UCs_ihBlgu4Buvf8FN9sTXjg,https://www.youtube.com/watch?v=vOWdJsYI9So,750203,"The thumbnail features a young adult with light skin and blond hair, holding what appears to be a microphone. There is a red arrow overlay pointing to a reflection of the person in a mirror in the background. The reflection shows the same person, shirtless, in a bathroom or locker room setting with yellow tiles. The text 'HIGH LEVEL SELF TALK' appears prominently near the reflection, suggesting the theme is about self-motivation or positive internal dialogue. The background includes a bold red section on the left, drawing attention to the figure. The image uses high contrast, emphasizing the figures and the central message. Emotions suggested by the image may include confidence, introspection, or motivation.","Bedankt voor het kijken naar ""DEZE GOZER IS TOTAAL DE WEG KWIJT '! Gamespullen kopen? Dat wil je!! Ga naar ...","The comments section is dominated by mockery and humorous criticism directed at Stan, with many viewers calling his behavior and self-presentation 'cringe' or embarrassing. There is significant emphasis on his physical appearance, particularly his height and hairstyle, and frequent references to his mannerisms, self-talk, and perceived narcissism. While a minority express support or empathy (referencing the 'lion army'), others express concern over his mental health or criticize Koen for featuring or mocking him. Overall, the sentiment is largely negative and mocking, with high engagement around the video's entertainment value and calls for a sequel.",0.01471,"[""topic""]",,,
mental health,video,6pmlPTYQ70M,"STEPMOM MISTREATS Husband&#39;s Son, What Happens Next Is Shocking | Dhar Mann",Dhar Mann Studios,UC_hK9fOxyy_TM8FJGXIyG8Q,https://www.youtube.com/watch?v=6pmlPTYQ70M,8881947,"The thumbnail features a young person with medium-length brown hair, wearing a light-colored sweater, positioned against a visually nondescript, dark patterned background. Bold, contrasting text dominates the left side, reading 'STEPMOM MISTREATS HUSBAND'S SON,' with 'MISTREATS' highlighted in blue for emphasis. The lower left corner contains a logo and the name 'Dhar Mann.' The primary compositional focus is on the text, suggesting a dramatic or emotional theme related to family dynamics and potential mistreatment or conflict. The image uses stark contrast and frontal framing to evoke seriousness or concern.",Don't forget to SUBSCRIBE to my channel by clicking here ...,"The comments overwhelmingly discuss themes of parental and step-parental mistreatment, often relating them to personal experiences of neglect, abuse, and bullying. Many viewers highlight the importance of kindness, understanding that 'hurt people hurt people,' and stress the lasting impact of words and parental behavior on children's mental health. The video's message of redemption, forgiveness, and the powerful effects of compassion resonates deeply, with multiple users sharing how the story moved them or mirrored their own struggles. There is also notable engagement around pop culture references (Lexi and Brent), performances, and questions about realism, but overall sentiment leans emotional, empathetic, and grateful for the positive moral lesson.",0.01449,"[""topic""]",,,
mental health,video,Y4ahw4kvkog,Ice Spice x Central Cee Collab Confirmed?,Vogue,UCRXiA3h1no_PFkb1JCP0yMA,https://www.youtube.com/watch?v=Y4ahw4kvkog,432809,"The image shows a person with long straight orange hair, wearing a light pink top with a floral pattern on the shoulder. A prominent, large, and shiny silver necklace is visible around the person's neck. The background is dark, possibly an indoor setting with limited visible details apart from a blurred object that resembles a picture frame. The overall color scheme is dominated by the vibrant orange hair and the sparkling necklace, drawing viewer attention to the upper body and jewelry. The composition and attire suggest a focus on style or fashion.","Ice Spice reveals that she witnessed Central Cee write a verse in 30 seconds, as she reflects on working with the UK rapper and ...","The comments discuss Ice Spice's appearance, hair, and style, with many users expressing admiration and support for her while others criticize her lyrical skills and authenticity. There is significant excitement and speculation about a potential collaboration with Central Cee, with some fans enthusiastic and others skeptical about its impact on UK rap. Themes of mental health, particularly anxiety, are mentioned in relation to Ice Spice's behavior, along with broader cultural commentary on her role as a public figure. Overall, the sentiment in the comments is mixed but leans positive, with more supportive remarks than critical ones.",0.01429,"[""topic""]",,,
mental health,creator,,,101Barz,UC0fXtHnZH6Gtl5AEmEGyBTA,,,,,,,,0.03251999999999999,2,"[{""video_id"": ""7wItNd5r2T8"", ""title"": ""MOCROMANIAC over zijn band met ROTJOCH"", ""url"": ""https://www.youtube.com/watch?v=7wItNd5r2T8""}, {""video_id"": ""KjO2BjnacWs"", ""title"": ""🆕 SEFFELINIE is BACK!"", ""url"": ""https://www.youtube.com/watch?v=KjO2BjnacWs""}]"
mental health,creator,,,Billie Eilish,UCiGm_E4ZwYSHV3bcW1pnSeQ,,,,,,,,0.01587,1,"[{""video_id"": ""sOcH0GjO9o4"", ""title"": ""Billie performing “ilomilo” at Reading &amp; Leeds."", ""url"": ""https://www.youtube.com/watch?v=sOcH0GjO9o4""}]"
mental health,creator,,,daiz,UCezoc3VgoN8yPJENDFElzOw,,,,,,,,0.01562,1,"[{""video_id"": ""LoIFpARxcAw"", ""title"": ""PRODUCTIVE 2:00am School night routine🎱+ Mental Health talk ⋆౨ৎ˚⟡˖ ࣪"", ""url"": ""https://www.youtube.com/watch?v=LoIFpARxcAw""}]"
mental health,creator,,,BOOS,UCc0kHafEIzm6PiqyrsC5lyg,,,,,,,,0.01538,1,"[{""video_id"": ""ODKuYXzkwL4"", ""title"": ""AGENT 8008: YOUTUBER RONALD VERDEELT INKOMSTEN MUZIEK NIET EERLIJK | BOOS S09E16"", ""url"": ""https://www.youtube.com/watch?v=ODKuYXzkwL4""}]"
mental health,creator,,,Ninja,UCAW-NpUFkMyCNrvRSSGIvDQ,,,,,,,,0.01515,1,"[{""video_id"": ""uJWdQzOccaU"", ""title"": ""Creating A New Meta  - LIVE"", ""url"": ""https://www.youtube.com/watch?v=uJWdQzOccaU""}]"
mental health,creator,,,FaZe Rug,UCilwZiBBfI9X6yiZRzWty8Q,,,,,,,,0.01493,1,"[{""video_id"": ""1ftpRWfmL7I"", ""title"": ""Sneaking Into A Graduation &amp; Giving Away $10,000!!"", ""url"": ""https://www.youtube.com/watch?v=1ftpRWfmL7I""}]"
mental health,creator,,,Koen,UCs_ihBlgu4Buvf8FN9sTXjg,,,,,,,,0.01471,1,"[{""video_id"": ""vOWdJsYI9So"", ""title"": ""DEZE GOZER IS TOTAAL DE WEG KWIJT 😂"", ""url"": ""https://www.youtube.com/watch?v=vOWdJsYI9So""}]"
mental health,creator,,,Dhar Mann Studios,UC_hK9fOxyy_TM8FJGXIyG8Q,,,,,,,,0.01449,1,"[{""video_id"": ""6pmlPTYQ70M"", ""title"": ""STEPMOM MISTREATS Husband&#39;s Son, What Happens Next Is Shocking | Dhar Mann"", ""url"": ""https://www.youtube.com/watch?v=6pmlPTYQ70M""}]"
mental health,creator,,,Vogue,UCRXiA3h1no_PFkb1JCP0yMA,,,,,,,,0.01429,1,"[{""video_id"": ""Y4ahw4kvkog"", ""title"": ""Ice Spice x Central Cee Collab Confirmed?"", ""url"": ""https://www.youtube.com/watch?v=Y4ahw4kvkog""}]"
beauty,video,tnRrNLYBl8s,#창빈 의 #락챌린지 #LALALALA_Challenge 🤘 w/ #ITZY #CHAERYEONG #채령!👑 #StrayKids #스트레이키즈 #Changbin #樂_STAR,Stray Kids,UC9rMiEjNaCSsebs31MRDCRA,https://www.youtube.com/watch?v=tnRrNLYBl8s,7824041,"The image shows two people in a modern, brightly lit room with a wooden floor and a white, wood-accented ceiling. Both individuals are presenting as young adults. The person on the left is standing upright, facing forward, wearing all black and long pants, and presenting a neutral facial expression. The person on the right is wearing dark clothing and a light-colored cap, raising one leg out to the side while extending their arm to the same side, possibly performing a dance move. The background features geometric wall patterns and an air conditioning vent on the ceiling. Overall, the composition focuses on both people in the center, suggesting a dance practice or rehearsal. The mood conveyed appears focused and concentrated.",창빈 의 #락챌린지 #LALALALA_Challenge w/ #ITZY #CHAERYEONG #채령!   #StrayKids #스트레이키즈 #Changbin ...,"The comments overwhelmingly focus on the 'sibling energy' and close friendship between Changbin and Chaeryeong, often comparing them to brother and sister rather than romantic partners. Fans express admiration for their dance skills, charisma, and strong chemistry, frequently calling them an iconic K-pop duo and praising their joint performances. There is also considerable appreciation for their appearances and playful interactions, while a smaller portion of comments discusses shipping and the broader culture of idol collaborations. Overall, the sentiment is highly positive, with viewers celebrating the fun, talent, and natural bond the two idols display.",0.01639,"[""topic""]",,,
beauty,video,jNtAxzvnDjU,BEFORE WE MOVE INTO OUR NEW HOUSE… #shorts,JUSTKASS,UCMCMjTKUqJ1pUzmHnKrmiCA,https://www.youtube.com/watch?v=jNtAxzvnDjU,636241,"The image shows a young adult presenting female, standing indoors, possibly in a bathroom or bedroom, based on the plain door and neutral-colored walls in the background. The person is wearing a light zip-up garment and has long hair with a braided-style headband. She has both hands raised in front of her at chest level, with fingers spread and palms facing inward, possibly in the middle of gesturing or explaining something. Both wrists are adorned with pink, fluffy scrunchies. Visible text overlaid on the image reads, 'of just starting now.' The lighting is soft and natural, and the composition centers the upper half of the person's body. The mood suggests openness, explanation, or sharing information.",The SOONER the BETTER... Day 1 of starting healthy habits! No reason to wait any longer than right NOW! ☀️  ‍♀️ #day1 ...,"The comments are overwhelmingly supportive and positive, with viewers expressing excitement about Kass's new dream house, her morning and beauty routines, and her inspiring attitude. Many comments focus on her aesthetic lifestyle, skincare, and personal growth, while others share encouragement, discuss hopes for her to have a 'rainbow baby', and comment on her family and pets. There is a strong sense of community, admiration, and emotional encouragement, with viewers frequently referencing inspiration, positivity, and gratitude for the content. Overall, sentiment is strongly positive and engaged, centering around Kass's life updates and aspirational routines.",0.01613,"[""topic""]",,,
beauty,video,6zpR_K71n58,Young Lady Danbury Actor Arsema Thomas&#39;s Night-Out Makeup Look | Beauty Secrets | Vogue,Vogue,UCRXiA3h1no_PFkb1JCP0yMA,https://www.youtube.com/watch?v=6zpR_K71n58,364625,"The thumbnail features an individual with long, dark braided hair. The person appears to be using a makeup brush on the side of their face, suggesting a beauty or self-care activity. The background consists of a wooden or bamboo-textured wall with a hint of greenery, such as a houseplant, and a wooden structure to the right. The person's attire seems casual, possibly a sweater or similar garment. The prominent 'VOGUE' logo is positioned in the lower-left corner, indicating association with the well-known fashion and lifestyle publication. Warm tones and soft lighting create a calm, inviting atmosphere. The visual composition and activity suggest themes of personal grooming and self-expression.","Actor Arsema Thomas, who plays Lady Danbury in Queen Charlotte: A Bridgerton Story, walks us through her night-out makeup ...","The comments are overwhelmingly positive, with viewers praising Arsema's striking beauty, charisma, and screen presence. Many express admiration for her acting talent, particularly her portrayal in 'Queen Charlotte', and are excited about her use of skincare and beauty products, with some seeking product details and routine tips. Fans appreciate her authenticity, intelligence, and cultural background, though some critique the video editing for cutting her off. Overall, the sentiment is highly enthusiastic, with calls for more content featuring her and recognition of her as a standout, multifaceted actress.",0.01587,"[""topic""]",,,
beauty,video,nEVY2PXkI7M,The Biggest Moment of Gigi Hadid&#39;s Career,Vogue,UCRXiA3h1no_PFkb1JCP0yMA,https://www.youtube.com/watch?v=nEVY2PXkI7M,544620,"The image shows the upper body of a person with a light skin tone, likely a young adult. The individual is wearing a light blue denim jacket over what appears to be a light-colored top. A delicate gold necklace with small triangular pendants is visible around their neck. The setting appears to be indoors, possibly in a modern or creative work environment, suggested by blurred figures and objects, including screens or equipment, in the background. The composition places visual emphasis on the person's apparel and jewelry. The VOGUE logo is prominently displayed in the bottom left corner, indicating the image is associated with the fashion magazine. The overall mood suggests a focus on fashion, style, and personal expression.","Supermodel Gigi Hadid has a schedule packed full of flights and photoshoots. In-between trips from New York to LA, Gigi invites ...","The comments predominantly praise the featured woman (Gigi) for her beauty, with many expressing admiration and affection for her appearance and charm. There are also mentions of her talents, voice, and personality, as well as several references to her modeling achievements and resemblance to other celebrities. Discussions include both supportive and negative sentiments, with one comment expressing strong criticism related to political matters. The overall sentiment is overwhelmingly positive, centering on admiration for her looks and likability, but includes a minor undercurrent of controversy.",0.01562,"[""topic""]",,,
beauty,video,QM3zhxZ2EGU,Model Anok Yai Was Discovered on Instagram,Vogue,UCRXiA3h1no_PFkb1JCP0yMA,https://www.youtube.com/watch?v=QM3zhxZ2EGU,1060570,"The image shows the upper body of a person seated indoors, likely in a car or vehicle, as suggested by the visible seat and background elements. The individual has a light brown complexion and is wearing a light-colored hoodie. The person's expression and other facial features are not discernible. The lighting is neutral, with no harsh shadows or high contrast. The setting appears casual and relaxed. In the bottom left corner, the 'VOGUE' logo is displayed in white, indicating a connection to fashion or media content. The overall composition emphasizes the person's upper torso and the logo.",Sudanese model Anok Yai was studying to be a surgeon in New Hampshire until Instagram changed her life. Still haven't ...,"The comments overwhelmingly praise Anok Yai's physical beauty, with frequent references to her viral photo that launched her modeling career. Many highlight her natural features—especially her skin and eyes—while celebrating her success as a story of destiny or miraculous luck. There is strong admiration for her authenticity, humility, and the representation she brings to black beauty in the fashion industry. Some commenters also reflect on the role of 'pretty privilege,' the impact of social media, and express hopes that she remains grounded and stays true to herself; overall, the sentiment is highly positive, celebratory, and inspired.",0.01538,"[""topic""]",,,
beauty,video,9Bo61gPuZM4,"Irina Shayk, Adut Akech, Vittoria Ceretti &amp; More Model Lingerie on the Dolce &amp; Gabbana Runway",Vogue,UCRXiA3h1no_PFkb1JCP0yMA,https://www.youtube.com/watch?v=9Bo61gPuZM4,130349,"The image shows a fashion runway scene featuring an adult female-presenting model walking in semi-sheer black lingerie and stockings. The model's outfit has lace and strap details, and she is captured mid-stride, emphasizing movement. In the background, audience members are seated and many are holding up smartphones to take photos or videos. The foreground is dominated by the model, while the lighting highlights the runway and draws attention to the clothing. The Vogue logo appears in the lower left corner. The overall mood is one of anticipation and excitement, with visual emphasis placed on the model’s attire.",Watch as some of the world's top model walk the D&G runway in lingerie dresses. Still haven't subscribed to Vogue on YouTube?,"The comments overwhelmingly praise the diversity and inclusivity featured in the model line-up, highlighting the presence of different body types and well-known models like Vittoria, Irina, Adut, and Ashley Graham. Viewers express admiration for the beautiful outfits, the models' distinctive walks, and the positive representation on the runway. Sentiment is predominantly supportive and celebratory, with many noting the empowering and refreshing portrayals, though a minority expresses critical views on body representation. Overall, the response reflects strong enthusiasm for fashion shows that value inclusivity and individuality.",0.01515,"[""topic""]",,,
beauty,video,xAzsiSYYcw8,Jennifer Lawrence on Her First Time Feeling Famous,Vogue,UCRXiA3h1no_PFkb1JCP0yMA,https://www.youtube.com/watch?v=xAzsiSYYcw8,4669324,"The image shows a close-up of a young adult presenting as female, with long blonde hair and light skin. She is smiling softly, suggesting a relaxed or pleasant mood. The lower part of her face is visible, with teeth slightly showing. She is wearing a cream-colored top and a gold necklace with a prominent green pendant. The background is blurred, giving the impression of an indoor or semi-outdoor setting. The word 'VOGUE' is displayed in bold white font in the lower left corner, indicating a possible association with the fashion magazine. The overall color palette is soft and warm, with visual emphasis on her smile and necklace.","Watch as Jennifer Lawrence answers 73 rapid-fire questions, all while playing a rousing round of mini golf. Still haven't ...","The comments overwhelmingly focus on Jennifer Lawrence's physical beauty and natural charm, often praising her attractiveness, eyes, and down-to-earth personality. Many viewers express admiration for her sense of humor, acting talent, and authenticity, with frequent comparisons to other celebrities and references to The Hunger Games. There is a strong fan presence expressing love, crushes, and appreciation, though a notable minority includes critical remarks and references to controversies such as the Harvey Weinstein allegations. Overall, the sentiment is highly positive, celebrating her looks, talent, and relatable personality, with occasional negative or skeptical opinions.",0.01493,"[""topic""]",,,
beauty,video,P92e-LSk9I0,Steven Meisel &amp; Arthur Elgort Shaped Christy Turlington&#39;s Early Career,Vogue,UCRXiA3h1no_PFkb1JCP0yMA,https://www.youtube.com/watch?v=P92e-LSk9I0,35200,"The thumbnail shows a close-up view of the right side of a person's head and neck, likely an adult with long, brown hair. The person is wearing a large gold hoop earring and a light-colored collared shirt, possibly white or beige. The background is plain and neutral, possibly a gray wall. The visual emphasis is on the jewelry and ear, with soft lighting that creates a calm atmosphere. The image composition suggests an interview or profile shot, possibly related to style, fashion, or personal expression.","Naomi Campbell, Cindy Crawford, Linda Evangelista and Christy Turlington reflect on the supermodel era with Vogue.","Commenters overwhelmingly praise Christy's natural beauty and her ability to age gracefully, contrasting her appearance with that of others who may have undergone cosmetic procedures. There is some critique of makeup choices, particularly unnatural-looking eyebrows, and a discussion about the quality of compliments in the comment section. The sentiment is largely positive and admiring, with recurring themes of elegance, authenticity, and respect for aging naturally.",0.01471,"[""topic""]",,,
beauty,video,wF2sW2nQa1Q,Precious Lee&#39;s Guilty Pleasure,Vogue,UCRXiA3h1no_PFkb1JCP0yMA,https://www.youtube.com/watch?v=wF2sW2nQa1Q,6440,"The image shows a close-up of a person, likely a young adult, with long hair and painted fingernails. The focus is on their mouth and hand as they are in the process of licking or consuming a red lollipop. The background is out of focus and nondescript, drawing attention to the act of eating the lollipop. The lighting is relatively soft and the colors are warm, with emphasis on the red of the lollipop and the pinkish tones of the tongue and lips. There is no visible text or prominent symbols. The composition suggests a sense of curiosity or playfulness.","British Vogue presents 'In The Bag' with Precious Lee. The American model reveals her daily essentials, as we take a look inside ...","The comments express admiration for the woman's physical beauty, highlighting her natural look and the confidence she exudes. Viewers are overwhelmingly positive, focusing on appearance and the impact of self-assurance. Key themes include appreciation for authenticity and natural confidence.",0.01449,"[""topic""]",,,
beauty,video,VaPeQr_sTPU,Ellie Goldstein On What Her Disability Has Taught Her,Vogue,UCRXiA3h1no_PFkb1JCP0yMA,https://www.youtube.com/watch?v=VaPeQr_sTPU,19723,"The image shows a close-up of a person with long, dark brown hair, likely a female-presenting individual, situated against a plain, warm-toned background. The composition is centered on the individual's head and shoulders. Lighting appears soft, giving a natural and calm atmosphere to the image. There are no visible objects, text, or symbols in the frame. The overall color palette consists mainly of earthy tones such as brown and beige. The visual emphasis is on the individual's hair and body posture, which convey a neutral or contemplative mood.","My Disability has taught me to be me and not to be scared,” says British Vogue's May 2023 cover star Ellie Goldstein. Footage of ...","The comments are overwhelmingly positive, with viewers frequently complimenting the woman's beauty and expressing admiration for her attitude and personality. Many people mention that she is inspiring, supportive, and brings positivity, while a few leave humorous or joking remarks. Some users compare her to celebrities and notable figures, adding a light, pop-cultural aspect to the discussion. Overall sentiment is supportive, celebratory, and uplifting.",0.01429,"[""topic""]",,,
beauty,creator,,,Vogue,UCRXiA3h1no_PFkb1JCP0yMA,,,,,,,,0.12043999999999999,8,"[{""video_id"": ""6zpR_K71n58"", ""title"": ""Young Lady Danbury Actor Arsema Thomas&#39;s Night-Out Makeup Look | Beauty Secrets | Vogue"", ""url"": ""https://www.youtube.com/watch?v=6zpR_K71n58""}, {""video_id"": ""nEVY2PXkI7M"", ""title"": ""The Biggest Moment of Gigi Hadid&#39;s Career"", ""url"": ""https://www.youtube.com/watch?v=nEVY2PXkI7M""}, {""video_id"": ""QM3zhxZ2EGU"", ""title"": ""Model Anok Yai Was Discovered on Instagram"", ""url"": ""https://www.youtube.com/watch?v=QM3zhxZ2EGU""}, {""video_id"": ""9Bo61gPuZM4"", ""title"": ""Irina Shayk, Adut Akech, Vittoria Ceretti &amp; More Model Lingerie on the Dolce &amp; Gabbana Runway"", ""url"": ""https://www.youtube.com/watch?v=9Bo61gPuZM4""}, {""video_id"": ""xAzsiSYYcw8"", ""title"": ""Jennifer Lawrence on Her First Time Feeling Famous"", ""url"": ""https://www.youtube.com/watch?v=xAzsiSYYcw8""}, {""video_id"": ""P92e-LSk9I0"", ""title"": ""Steven Meisel &amp; Arthur Elgort Shaped Christy Turlington&#39;s Early Career"", ""url"": ""https://www.youtube.com/watch?v=P92e-LSk9I0""}, {""video_id"": ""wF2sW2nQa1Q"", ""title"": ""Precious Lee&#39;s Guilty Pleasure"", ""url"": ""https://www.youtube.com/watch?v=wF2sW2nQa1Q""}, {""video_id"": ""VaPeQr_sTPU"", ""title"": ""Ellie Goldstein On What Her Disability Has Taught Her"", ""url"": ""https://www.youtube.com/watch?v=VaPeQr_sTPU""}]"
beauty,creator,,,Stray Kids,UC9rMiEjNaCSsebs31MRDCRA,,,,,,,,0.01639,1,"[{""video_id"": ""tnRrNLYBl8s"", ""title"": ""#창빈 의 #락챌린지 #LALALALA_Challenge 🤘 w/ #ITZY #CHAERYEONG #채령!👑 #StrayKids #스트레이키즈 #Changbin #樂_STAR"", ""url"": ""https://www.youtube.com/watch?v=tnRrNLYBl8s""}]"
beauty,creator,,,JUSTKASS,UCMCMjTKUqJ1pUzmHnKrmiCA,,,,,,,,0.01613,1,"[{""video_id"": ""jNtAxzvnDjU"", ""title"": ""BEFORE WE MOVE INTO OUR NEW HOUSE… #shorts"", ""url"": ""https://www.youtube.com/watch?v=jNtAxzvnDjU""}]"
